document_id,shipment_id,order_id,incident_id,document_type,document_date,storage_path,file_format,language_code,extracted_text,created_at
1,1,1,,delivery_note,2026-03-09T12:19:38+00:00,s3://logistics-book-lab/documents/delivery_note/shipment_id=1/1.docx,docx,de,"Synthetic delivery_note for shipment 1. Carrier, delivery status and operational notes are available for analysis.",2026-03-07T10:19:38+00:00
2,1,1,,proof_of_delivery,2026-03-10T07:19:38+00:00,s3://logistics-book-lab/documents/proof_of_delivery/shipment_id=1/2.pdf,pdf,fr,"Synthetic proof_of_delivery for shipment 1. Carrier, delivery status and operational notes are available for analysis.",2026-03-07T10:19:38+00:00
3,1,1,,invoice,2026-03-08T19:19:38+00:00,s3://logistics-book-lab/documents/invoice/shipment_id=1/3.pdf,pdf,it,"Synthetic invoice for shipment 1. Carrier, delivery status and operational notes are available for analysis.",2026-03-07T10:19:38+00:00
4,2,2,,delivery_note,2025-05-29T07:39:59+00:00,s3://logistics-book-lab/documents/delivery_note/shipment_id=2/4.docx,docx,en,"Synthetic delivery_note for shipment 2. Carrier, delivery status and operational notes are available for analysis.",2025-05-25T11:39:59+00:00
5,2,2,,proof_of_delivery,2025-05-26T14:39:59+00:00,s3://logistics-book-lab/documents/proof_of_delivery/shipment_id=2/5.pdf,pdf,de,"Synthetic proof_of_delivery for shipment 2. Carrier, delivery status and operational notes are available for analysis.",2025-05-25T11:39:59+00:00
6,2,2,,invoice,2025-05-29T06:39:59+00:00,s3://logistics-book-lab/documents/invoice/shipment_id=2/6.pdf,pdf,es,"Synthetic invoice for shipment 2. Carrier, delivery status and operational notes are available for analysis.",2025-05-25T11:39:59+00:00
7,3,3,,delivery_note,2025-02-13T11:11:29+00:00,s3://logistics-book-lab/documents/delivery_note/shipment_id=3/7.docx,docx,es,"Synthetic delivery_note for shipment 3. Carrier, delivery status and operational notes are available for analysis.",2025-02-11T07:11:29+00:00
8,3,3,,proof_of_delivery,2025-02-13T18:11:29+00:00,s3://logistics-book-lab/documents/proof_of_delivery/shipment_id=3/8.txt,txt,de,"Synthetic proof_of_delivery for shipment 3. Carrier, delivery status and operational notes are available for analysis.",2025-02-11T07:11:29+00:00
9,4,4,,delivery_note,2025-03-06T00:41:16+00:00,s3://logistics-book-lab/documents/delivery_note/shipment_id=4/9.txt,txt,en,"Synthetic delivery_note for shipment 4. Carrier, delivery status and operational notes are available for analysis.",2025-03-05T21:41:16+00:00
10,4,4,,proof_of_delivery,2025-03-09T13:41:16+00:00,s3://logistics-book-lab/documents/proof_of_delivery/shipment_id=4/10.pdf,pdf,de,"Synthetic proof_of_delivery for shipment 4. Carrier, delivery status and operational notes are available for analysis.",2025-03-05T21:41:16+00:00
11,4,4,,invoice,2025-03-08T14:41:16+00:00,s3://logistics-book-lab/documents/invoice/shipment_id=4/11.txt,txt,es,"Synthetic invoice for shipment 4. Carrier, delivery status and operational notes are available for analysis.",2025-03-05T21:41:16+00:00
12,5,5,,delivery_note,2025-12-10T21:55:10+00:00,s3://logistics-book-lab/documents/delivery_note/shipment_id=5/12.docx,docx,de,"Synthetic delivery_note for shipment 5. Carrier, delivery status and operational notes are available for analysis.",2025-12-09T01:55:10+00:00
13,5,5,,proof_of_delivery,2025-12-10T10:55:10+00:00,s3://logistics-book-lab/documents/proof_of_delivery/shipment_id=5/13.docx,docx,fr,"Synthetic proof_of_delivery for shipment 5. Carrier, delivery status and operational notes are available for analysis.",2025-12-09T01:55:10+00:00
14,6,6,,delivery_note,2026-02-13T08:15:33+00:00,s3://logistics-book-lab/documents/delivery_note/shipment_id=6/14.txt,txt,de,"Synthetic delivery_note for shipment 6. Carrier, delivery status and operational notes are available for analysis.",2026-02-12T16:15:33+00:00
15,6,6,,proof_of_delivery,2026-02-12T23:15:33+00:00,s3://logistics-book-lab/documents/proof_of_delivery/shipment_id=6/15.pdf,pdf,it,"Synthetic proof_of_delivery for shipment 6. Carrier, delivery status and operational notes are available for analysis.",2026-02-12T16:15:33+00:00
16,6,6,,invoice,2026-02-14T03:15:33+00:00,s3://logistics-book-lab/documents/invoice/shipment_id=6/16.pdf,pdf,fr,"Synthetic invoice for shipment 6. Carrier, delivery status and operational notes are available for analysis.",2026-02-12T16:15:33+00:00
17,7,7,,delivery_note,2025-03-02T10:32:40+00:00,s3://logistics-book-lab/documents/delivery_note/shipment_id=7/17.pdf,pdf,en,"Synthetic delivery_note for shipment 7. Carrier, delivery status and operational notes are available for analysis.",2025-03-02T06:32:40+00:00
18,8,8,,delivery_note,2025-08-07T09:03:05+00:00,s3://logistics-book-lab/documents/delivery_note/shipment_id=8/18.txt,txt,es,"Synthetic delivery_note for shipment 8. Carrier, delivery status and operational notes are available for analysis.",2025-08-03T14:03:05+00:00
19,9,9,,delivery_note,2026-03-01T21:19:56+00:00,s3://logistics-book-lab/documents/delivery_note/shipment_id=9/19.docx,docx,fr,"Synthetic delivery_note for shipment 9. Carrier, delivery status and operational notes are available for analysis.",2026-02-28T03:19:56+00:00
20,9,9,,invoice,2026-03-01T03:19:56+00:00,s3://logistics-book-lab/documents/invoice/shipment_id=9/20.docx,docx,fr,"Synthetic invoice for shipment 9. Carrier, delivery status and operational notes are available for analysis.",2026-02-28T03:19:56+00:00
21,10,10,,delivery_note,2025-01-03T18:53:00+00:00,s3://logistics-book-lab/documents/delivery_note/shipment_id=10/21.html,html,es,"Synthetic delivery_note for shipment 10. Carrier, delivery status and operational notes are available for analysis.",2025-01-03T04:53:00+00:00
22,10,10,,proof_of_delivery,2025-01-04T06:53:00+00:00,s3://logistics-book-lab/documents/proof_of_delivery/shipment_id=10/22.txt,txt,fr,"Synthetic proof_of_delivery for shipment 10. Carrier, delivery status and operational notes are available for analysis.",2025-01-03T04:53:00+00:00
23,10,10,,invoice,2025-01-03T09:53:00+00:00,s3://logistics-book-lab/documents/invoice/shipment_id=10/23.pdf,pdf,de,"Synthetic invoice for shipment 10. Carrier, delivery status and operational notes are available for analysis.",2025-01-03T04:53:00+00:00
24,11,11,,delivery_note,2025-12-15T01:13:54+00:00,s3://logistics-book-lab/documents/delivery_note/shipment_id=11/24.txt,txt,es,"Synthetic delivery_note for shipment 11. Carrier, delivery status and operational notes are available for analysis.",2025-12-13T10:13:54+00:00
25,11,11,,proof_of_delivery,2025-12-14T11:13:54+00:00,s3://logistics-book-lab/documents/proof_of_delivery/shipment_id=11/25.pdf,pdf,en,"Synthetic proof_of_delivery for shipment 11. Carrier, delivery status and operational notes are available for analysis.",2025-12-13T10:13:54+00:00
26,11,11,,invoice,2025-12-14T15:13:54+00:00,s3://logistics-book-lab/documents/invoice/shipment_id=11/26.html,html,fr,"Synthetic invoice for shipment 11. Carrier, delivery status and operational notes are available for analysis.",2025-12-13T10:13:54+00:00
27,12,12,,delivery_note,2025-05-23T22:28:54+00:00,s3://logistics-book-lab/documents/delivery_note/shipment_id=12/27.pdf,pdf,es,"Synthetic delivery_note for shipment 12. Carrier, delivery status and operational notes are available for analysis.",2025-05-21T17:28:54+00:00
28,12,12,,proof_of_delivery,2025-05-24T11:28:54+00:00,s3://logistics-book-lab/documents/proof_of_delivery/shipment_id=12/28.docx,docx,de,"Synthetic proof_of_delivery for shipment 12. Carrier, delivery status and operational notes are available for analysis.",2025-05-21T17:28:54+00:00
29,12,12,1,incident_email,2025-05-23T00:28:54+00:00,s3://logistics-book-lab/documents/incident_email/shipment_id=12/29.pdf,pdf,es,"Synthetic incident_email for shipment 12. Carrier, delivery status and operational notes are available for analysis.",2025-05-21T17:28:54+00:00
30,13,13,,delivery_note,2025-01-23T23:20:38+00:00,s3://logistics-book-lab/documents/delivery_note/shipment_id=13/30.txt,txt,it,"Synthetic delivery_note for shipment 13. Carrier, delivery status and operational notes are available for analysis.",2025-01-20T09:20:38+00:00
31,13,13,,invoice,2025-01-22T16:20:38+00:00,s3://logistics-book-lab/documents/invoice/shipment_id=13/31.pdf,pdf,en,"Synthetic invoice for shipment 13. Carrier, delivery status and operational notes are available for analysis.",2025-01-20T09:20:38+00:00
32,14,14,,delivery_note,2025-09-04T03:06:06+00:00,s3://logistics-book-lab/documents/delivery_note/shipment_id=14/32.pdf,pdf,es,"Synthetic delivery_note for shipment 14. Carrier, delivery status and operational notes are available for analysis.",2025-09-03T19:06:06+00:00
33,14,14,,proof_of_delivery,2025-09-04T23:06:06+00:00,s3://logistics-book-lab/documents/proof_of_delivery/shipment_id=14/33.pdf,pdf,en,"Synthetic proof_of_delivery for shipment 14. Carrier, delivery status and operational notes are available for analysis.",2025-09-03T19:06:06+00:00
34,15,15,,delivery_note,2025-06-03T01:50:51+00:00,s3://logistics-book-lab/documents/delivery_note/shipment_id=15/34.docx,docx,es,"Synthetic delivery_note for shipment 15. Carrier, delivery status and operational notes are available for analysis.",2025-06-02T14:50:51+00:00
35,15,15,,proof_of_delivery,2025-06-05T13:50:51+00:00,s3://logistics-book-lab/documents/proof_of_delivery/shipment_id=15/35.docx,docx,es,"Synthetic proof_of_delivery for shipment 15. Carrier, delivery status and operational notes are available for analysis.",2025-06-02T14:50:51+00:00
36,16,16,,delivery_note,2025-03-24T05:07:15+00:00,s3://logistics-book-lab/documents/delivery_note/shipment_id=16/36.pdf,pdf,it,"Synthetic delivery_note for shipment 16. Carrier, delivery status and operational notes are available for analysis.",2025-03-21T03:07:15+00:00
37,16,16,,proof_of_delivery,2025-03-24T13:07:15+00:00,s3://logistics-book-lab/documents/proof_of_delivery/shipment_id=16/37.txt,txt,fr,"Synthetic proof_of_delivery for shipment 16. Carrier, delivery status and operational notes are available for analysis.",2025-03-21T03:07:15+00:00
38,17,17,,delivery_note,2025-08-25T02:56:46+00:00,s3://logistics-book-lab/documents/delivery_note/shipment_id=17/38.pdf,pdf,es,"Synthetic delivery_note for shipment 17. Carrier, delivery status and operational notes are available for analysis.",2025-08-24T01:56:46+00:00
39,17,17,,proof_of_delivery,2025-08-24T04:56:46+00:00,s3://logistics-book-lab/documents/proof_of_delivery/shipment_id=17/39.docx,docx,fr,"Synthetic proof_of_delivery for shipment 17. Carrier, delivery status and operational notes are available for analysis.",2025-08-24T01:56:46+00:00
40,18,18,,delivery_note,2025-01-12T13:50:54+00:00,s3://logistics-book-lab/documents/delivery_note/shipment_id=18/40.html,html,es,"Synthetic delivery_note for shipment 18. Carrier, delivery status and operational notes are available for analysis.",2025-01-10T05:50:54+00:00
41,18,18,,proof_of_delivery,2025-01-13T14:50:54+00:00,s3://logistics-book-lab/documents/proof_of_delivery/shipment_id=18/41.docx,docx,en,"Synthetic proof_of_delivery for shipment 18. Carrier, delivery status and operational notes are available for analysis.",2025-01-10T05:50:54+00:00
42,19,19,,delivery_note,2025-11-18T14:23:41+00:00,s3://logistics-book-lab/documents/delivery_note/shipment_id=19/42.txt,txt,it,"Synthetic delivery_note for shipment 19. Carrier, delivery status and operational notes are available for analysis.",2025-11-15T00:23:41+00:00
43,19,19,,proof_of_delivery,2025-11-16T20:23:41+00:00,s3://logistics-book-lab/documents/proof_of_delivery/shipment_id=19/43.txt,txt,de,"Synthetic proof_of_delivery for shipment 19. Carrier, delivery status and operational notes are available for analysis.",2025-11-15T00:23:41+00:00
44,19,19,,invoice,2025-11-17T12:23:41+00:00,s3://logistics-book-lab/documents/invoice/shipment_id=19/44.txt,txt,it,"Synthetic invoice for shipment 19. Carrier, delivery status and operational notes are available for analysis.",2025-11-15T00:23:41+00:00
45,20,20,,delivery_note,2025-09-23T21:52:00+00:00,s3://logistics-book-lab/documents/delivery_note/shipment_id=20/45.html,html,de,"Synthetic delivery_note for shipment 20. Carrier, delivery status and operational notes are available for analysis.",2025-09-23T17:52:00+00:00
46,20,20,,proof_of_delivery,2025-09-23T18:52:00+00:00,s3://logistics-book-lab/documents/proof_of_delivery/shipment_id=20/46.pdf,pdf,es,"Synthetic proof_of_delivery for shipment 20. Carrier, delivery status and operational notes are available for analysis.",2025-09-23T17:52:00+00:00
47,21,21,,delivery_note,2025-05-12T18:06:45+00:00,s3://logistics-book-lab/documents/delivery_note/shipment_id=21/47.docx,docx,it,"Synthetic delivery_note for shipment 21. Carrier, delivery status and operational notes are available for analysis.",2025-05-10T14:06:45+00:00
48,21,21,,proof_of_delivery,2025-05-10T15:06:45+00:00,s3://logistics-book-lab/documents/proof_of_delivery/shipment_id=21/48.docx,docx,en,"Synthetic proof_of_delivery for shipment 21. Carrier, delivery status and operational notes are available for analysis.",2025-05-10T14:06:45+00:00
49,21,21,,invoice,2025-05-11T11:06:45+00:00,s3://logistics-book-lab/documents/invoice/shipment_id=21/49.html,html,de,"Synthetic invoice for shipment 21. Carrier, delivery status and operational notes are available for analysis.",2025-05-10T14:06:45+00:00
50,22,22,,delivery_note,2025-10-12T05:36:37+00:00,s3://logistics-book-lab/documents/delivery_note/shipment_id=22/50.pdf,pdf,it,"Synthetic delivery_note for shipment 22. Carrier, delivery status and operational notes are available for analysis.",2025-10-09T05:36:37+00:00
51,22,22,,proof_of_delivery,2025-10-12T12:36:37+00:00,s3://logistics-book-lab/documents/proof_of_delivery/shipment_id=22/51.txt,txt,es,"Synthetic proof_of_delivery for shipment 22. Carrier, delivery status and operational notes are available for analysis.",2025-10-09T05:36:37+00:00
52,22,22,,invoice,2025-10-12T17:36:37+00:00,s3://logistics-book-lab/documents/invoice/shipment_id=22/52.pdf,pdf,es,"Synthetic invoice for shipment 22. Carrier, delivery status and operational notes are available for analysis.",2025-10-09T05:36:37+00:00
53,23,23,,delivery_note,2025-04-16T21:41:52+00:00,s3://logistics-book-lab/documents/delivery_note/shipment_id=23/53.txt,txt,it,"Synthetic delivery_note for shipment 23. Carrier, delivery status and operational notes are available for analysis.",2025-04-15T10:41:52+00:00
54,23,23,,proof_of_delivery,2025-04-16T06:41:52+00:00,s3://logistics-book-lab/documents/proof_of_delivery/shipment_id=23/54.docx,docx,de,"Synthetic proof_of_delivery for shipment 23. Carrier, delivery status and operational notes are available for analysis.",2025-04-15T10:41:52+00:00
55,24,24,,delivery_note,2025-12-30T20:48:02+00:00,s3://logistics-book-lab/documents/delivery_note/shipment_id=24/55.pdf,pdf,es,"Synthetic delivery_note for shipment 24. Carrier, delivery status and operational notes are available for analysis.",2025-12-28T09:48:02+00:00
56,24,24,,proof_of_delivery,2025-12-31T15:48:02+00:00,s3://logistics-book-lab/documents/proof_of_delivery/shipment_id=24/56.pdf,pdf,it,"Synthetic proof_of_delivery for shipment 24. Carrier, delivery status and operational notes are available for analysis.",2025-12-28T09:48:02+00:00
57,25,25,,delivery_note,2025-10-12T07:52:10+00:00,s3://logistics-book-lab/documents/delivery_note/shipment_id=25/57.pdf,pdf,fr,"Synthetic delivery_note for shipment 25. Carrier, delivery status and operational notes are available for analysis.",2025-10-08T08:52:10+00:00
58,25,25,,proof_of_delivery,2025-10-10T19:52:10+00:00,s3://logistics-book-lab/documents/proof_of_delivery/shipment_id=25/58.docx,docx,it,"Synthetic proof_of_delivery for shipment 25. Carrier, delivery status and operational notes are available for analysis.",2025-10-08T08:52:10+00:00
59,26,26,,delivery_note,2026-02-06T05:51:22+00:00,s3://logistics-book-lab/documents/delivery_note/shipment_id=26/59.html,html,fr,"Synthetic delivery_note for shipment 26. Carrier, delivery status and operational notes are available for analysis.",2026-02-02T15:51:22+00:00
60,26,26,,proof_of_delivery,2026-02-05T05:51:22+00:00,s3://logistics-book-lab/documents/proof_of_delivery/shipment_id=26/60.pdf,pdf,en,"Synthetic proof_of_delivery for shipment 26. Carrier, delivery status and operational notes are available for analysis.",2026-02-02T15:51:22+00:00
61,27,27,,delivery_note,2025-06-10T16:29:36+00:00,s3://logistics-book-lab/documents/delivery_note/shipment_id=27/61.pdf,pdf,it,"Synthetic delivery_note for shipment 27. Carrier, delivery status and operational notes are available for analysis.",2025-06-10T01:29:36+00:00
62,27,27,,proof_of_delivery,2025-06-10T21:29:36+00:00,s3://logistics-book-lab/documents/proof_of_delivery/shipment_id=27/62.docx,docx,fr,"Synthetic proof_of_delivery for shipment 27. Carrier, delivery status and operational notes are available for analysis.",2025-06-10T01:29:36+00:00
63,28,28,,delivery_note,2025-08-25T22:41:02+00:00,s3://logistics-book-lab/documents/delivery_note/shipment_id=28/63.pdf,pdf,de,"Synthetic delivery_note for shipment 28. Carrier, delivery status and operational notes are available for analysis.",2025-08-22T15:41:02+00:00
64,28,28,,proof_of_delivery,2025-08-24T17:41:02+00:00,s3://logistics-book-lab/documents/proof_of_delivery/shipment_id=28/64.txt,txt,es,"Synthetic proof_of_delivery for shipment 28. Carrier, delivery status and operational notes are available for analysis.",2025-08-22T15:41:02+00:00
65,29,29,,delivery_note,2025-05-06T22:06:55+00:00,s3://logistics-book-lab/documents/delivery_note/shipment_id=29/65.pdf,pdf,es,"Synthetic delivery_note for shipment 29. Carrier, delivery status and operational notes are available for analysis.",2025-05-05T13:06:55+00:00
66,29,29,,proof_of_delivery,2025-05-08T09:06:55+00:00,s3://logistics-book-lab/documents/proof_of_delivery/shipment_id=29/66.pdf,pdf,fr,"Synthetic proof_of_delivery for shipment 29. Carrier, delivery status and operational notes are available for analysis.",2025-05-05T13:06:55+00:00
67,30,30,,delivery_note,2025-08-28T01:11:36+00:00,s3://logistics-book-lab/documents/delivery_note/shipment_id=30/67.html,html,fr,"Synthetic delivery_note for shipment 30. Carrier, delivery status and operational notes are available for analysis.",2025-08-25T14:11:36+00:00
68,30,30,,invoice,2025-08-27T23:11:36+00:00,s3://logistics-book-lab/documents/invoice/shipment_id=30/68.txt,txt,de,"Synthetic invoice for shipment 30. Carrier, delivery status and operational notes are available for analysis.",2025-08-25T14:11:36+00:00
69,31,31,,delivery_note,2025-07-15T18:07:28+00:00,s3://logistics-book-lab/documents/delivery_note/shipment_id=31/69.docx,docx,fr,"Synthetic delivery_note for shipment 31. Carrier, delivery status and operational notes are available for analysis.",2025-07-14T17:07:28+00:00
70,31,31,,proof_of_delivery,2025-07-18T10:07:28+00:00,s3://logistics-book-lab/documents/proof_of_delivery/shipment_id=31/70.txt,txt,es,"Synthetic proof_of_delivery for shipment 31. Carrier, delivery status and operational notes are available for analysis.",2025-07-14T17:07:28+00:00
71,31,31,,invoice,2025-07-17T23:07:28+00:00,s3://logistics-book-lab/documents/invoice/shipment_id=31/71.pdf,pdf,it,"Synthetic invoice for shipment 31. Carrier, delivery status and operational notes are available for analysis.",2025-07-14T17:07:28+00:00
72,32,32,,delivery_note,2026-02-06T04:54:37+00:00,s3://logistics-book-lab/documents/delivery_note/shipment_id=32/72.txt,txt,es,"Synthetic delivery_note for shipment 32. Carrier, delivery status and operational notes are available for analysis.",2026-02-04T19:54:37+00:00
73,32,32,,proof_of_delivery,2026-02-05T08:54:37+00:00,s3://logistics-book-lab/documents/proof_of_delivery/shipment_id=32/73.docx,docx,en,"Synthetic proof_of_delivery for shipment 32. Carrier, delivery status and operational notes are available for analysis.",2026-02-04T19:54:37+00:00
74,33,33,,delivery_note,2025-10-21T12:22:54+00:00,s3://logistics-book-lab/documents/delivery_note/shipment_id=33/74.html,html,it,"Synthetic delivery_note for shipment 33. Carrier, delivery status and operational notes are available for analysis.",2025-10-20T16:22:54+00:00
75,33,33,,proof_of_delivery,2025-10-24T13:22:54+00:00,s3://logistics-book-lab/documents/proof_of_delivery/shipment_id=33/75.html,html,de,"Synthetic proof_of_delivery for shipment 33. Carrier, delivery status and operational notes are available for analysis.",2025-10-20T16:22:54+00:00
76,33,33,,invoice,2025-10-21T15:22:54+00:00,s3://logistics-book-lab/documents/invoice/shipment_id=33/76.pdf,pdf,fr,"Synthetic invoice for shipment 33. Carrier, delivery status and operational notes are available for analysis.",2025-10-20T16:22:54+00:00
77,34,34,,delivery_note,2026-01-18T15:17:44+00:00,s3://logistics-book-lab/documents/delivery_note/shipment_id=34/77.txt,txt,it,"Synthetic delivery_note for shipment 34. Carrier, delivery status and operational notes are available for analysis.",2026-01-17T13:17:44+00:00
78,34,34,,invoice,2026-01-18T23:17:44+00:00,s3://logistics-book-lab/documents/invoice/shipment_id=34/78.html,html,fr,"Synthetic invoice for shipment 34. Carrier, delivery status and operational notes are available for analysis.",2026-01-17T13:17:44+00:00
79,35,35,,delivery_note,2025-02-18T13:27:32+00:00,s3://logistics-book-lab/documents/delivery_note/shipment_id=35/79.html,html,en,"Synthetic delivery_note for shipment 35. Carrier, delivery status and operational notes are available for analysis.",2025-02-16T16:27:32+00:00
80,35,35,,proof_of_delivery,2025-02-20T11:27:32+00:00,s3://logistics-book-lab/documents/proof_of_delivery/shipment_id=35/80.pdf,pdf,de,"Synthetic proof_of_delivery for shipment 35. Carrier, delivery status and operational notes are available for analysis.",2025-02-16T16:27:32+00:00
81,36,36,,delivery_note,2026-01-25T02:51:40+00:00,s3://logistics-book-lab/documents/delivery_note/shipment_id=36/81.txt,txt,en,"Synthetic delivery_note for shipment 36. Carrier, delivery status and operational notes are available for analysis.",2026-01-23T00:51:40+00:00
82,36,36,,proof_of_delivery,2026-01-25T18:51:40+00:00,s3://logistics-book-lab/documents/proof_of_delivery/shipment_id=36/82.pdf,pdf,es,"Synthetic proof_of_delivery for shipment 36. Carrier, delivery status and operational notes are available for analysis.",2026-01-23T00:51:40+00:00
83,37,37,,delivery_note,2026-03-09T03:52:03+00:00,s3://logistics-book-lab/documents/delivery_note/shipment_id=37/83.html,html,it,"Synthetic delivery_note for shipment 37. Carrier, delivery status and operational notes are available for analysis.",2026-03-09T00:52:03+00:00
84,37,37,,proof_of_delivery,2026-03-10T21:52:03+00:00,s3://logistics-book-lab/documents/proof_of_delivery/shipment_id=37/84.html,html,fr,"Synthetic proof_of_delivery for shipment 37. Carrier, delivery status and operational notes are available for analysis.",2026-03-09T00:52:03+00:00
85,38,38,,delivery_note,2025-07-17T15:26:02+00:00,s3://logistics-book-lab/documents/delivery_note/shipment_id=38/85.pdf,pdf,fr,"Synthetic delivery_note for shipment 38. Carrier, delivery status and operational notes are available for analysis.",2025-07-13T19:26:02+00:00
86,38,38,,proof_of_delivery,2025-07-16T06:26:02+00:00,s3://logistics-book-lab/documents/proof_of_delivery/shipment_id=38/86.docx,docx,it,"Synthetic proof_of_delivery for shipment 38. Carrier, delivery status and operational notes are available for analysis.",2025-07-13T19:26:02+00:00
87,39,39,,delivery_note,2025-05-21T05:58:31+00:00,s3://logistics-book-lab/documents/delivery_note/shipment_id=39/87.txt,txt,en,"Synthetic delivery_note for shipment 39. Carrier, delivery status and operational notes are available for analysis.",2025-05-20T18:58:31+00:00
88,39,39,,proof_of_delivery,2025-05-21T03:58:31+00:00,s3://logistics-book-lab/documents/proof_of_delivery/shipment_id=39/88.html,html,es,"Synthetic proof_of_delivery for shipment 39. Carrier, delivery status and operational notes are available for analysis.",2025-05-20T18:58:31+00:00
89,39,39,,invoice,2025-05-23T15:58:31+00:00,s3://logistics-book-lab/documents/invoice/shipment_id=39/89.html,html,it,"Synthetic invoice for shipment 39. Carrier, delivery status and operational notes are available for analysis.",2025-05-20T18:58:31+00:00
90,40,40,,delivery_note,2025-11-03T05:48:45+00:00,s3://logistics-book-lab/documents/delivery_note/shipment_id=40/90.pdf,pdf,de,"Synthetic delivery_note for shipment 40. Carrier, delivery status and operational notes are available for analysis.",2025-10-30T23:48:45+00:00
91,40,40,,proof_of_delivery,2025-10-31T17:48:45+00:00,s3://logistics-book-lab/documents/proof_of_delivery/shipment_id=40/91.pdf,pdf,es,"Synthetic proof_of_delivery for shipment 40. Carrier, delivery status and operational notes are available for analysis.",2025-10-30T23:48:45+00:00
92,41,41,,delivery_note,2025-08-12T15:24:28+00:00,s3://logistics-book-lab/documents/delivery_note/shipment_id=41/92.docx,docx,es,"Synthetic delivery_note for shipment 41. Carrier, delivery status and operational notes are available for analysis.",2025-08-11T22:24:28+00:00
93,41,41,,proof_of_delivery,2025-08-12T18:24:28+00:00,s3://logistics-book-lab/documents/proof_of_delivery/shipment_id=41/93.pdf,pdf,en,"Synthetic proof_of_delivery for shipment 41. Carrier, delivery status and operational notes are available for analysis.",2025-08-11T22:24:28+00:00
94,42,42,,delivery_note,2026-03-19T10:32:03+00:00,s3://logistics-book-lab/documents/delivery_note/shipment_id=42/94.pdf,pdf,it,"Synthetic delivery_note for shipment 42. Carrier, delivery status and operational notes are available for analysis.",2026-03-16T16:32:03+00:00
95,42,42,,proof_of_delivery,2026-03-18T20:32:03+00:00,s3://logistics-book-lab/documents/proof_of_delivery/shipment_id=42/95.txt,txt,it,"Synthetic proof_of_delivery for shipment 42. Carrier, delivery status and operational notes are available for analysis.",2026-03-16T16:32:03+00:00
96,42,42,,invoice,2026-03-20T14:32:03+00:00,s3://logistics-book-lab/documents/invoice/shipment_id=42/96.docx,docx,it,"Synthetic invoice for shipment 42. Carrier, delivery status and operational notes are available for analysis.",2026-03-16T16:32:03+00:00
97,43,43,,delivery_note,2025-12-23T11:32:44+00:00,s3://logistics-book-lab/documents/delivery_note/shipment_id=43/97.pdf,pdf,de,"Synthetic delivery_note for shipment 43. Carrier, delivery status and operational notes are available for analysis.",2025-12-19T16:32:44+00:00
98,43,43,,proof_of_delivery,2025-12-21T22:32:44+00:00,s3://logistics-book-lab/documents/proof_of_delivery/shipment_id=43/98.html,html,it,"Synthetic proof_of_delivery for shipment 43. Carrier, delivery status and operational notes are available for analysis.",2025-12-19T16:32:44+00:00
99,44,44,,delivery_note,2025-10-25T20:21:20+00:00,s3://logistics-book-lab/documents/delivery_note/shipment_id=44/99.docx,docx,es,"Synthetic delivery_note for shipment 44. Carrier, delivery status and operational notes are available for analysis.",2025-10-25T18:21:20+00:00
100,44,44,,proof_of_delivery,2025-10-26T06:21:20+00:00,s3://logistics-book-lab/documents/proof_of_delivery/shipment_id=44/100.pdf,pdf,en,"Synthetic proof_of_delivery for shipment 44. Carrier, delivery status and operational notes are available for analysis.",2025-10-25T18:21:20+00:00
101,44,44,2,incident_email,2025-10-26T20:21:20+00:00,s3://logistics-book-lab/documents/incident_email/shipment_id=44/101.pdf,pdf,de,"Synthetic incident_email for shipment 44. Carrier, delivery status and operational notes are available for analysis.",2025-10-25T18:21:20+00:00
102,45,45,,delivery_note,2025-09-25T18:04:59+00:00,s3://logistics-book-lab/documents/delivery_note/shipment_id=45/102.html,html,es,"Synthetic delivery_note for shipment 45. Carrier, delivery status and operational notes are available for analysis.",2025-09-23T01:04:59+00:00
103,45,45,,proof_of_delivery,2025-09-25T05:04:59+00:00,s3://logistics-book-lab/documents/proof_of_delivery/shipment_id=45/103.pdf,pdf,en,"Synthetic proof_of_delivery for shipment 45. Carrier, delivery status and operational notes are available for analysis.",2025-09-23T01:04:59+00:00
104,46,46,,delivery_note,2026-01-05T18:44:50+00:00,s3://logistics-book-lab/documents/delivery_note/shipment_id=46/104.pdf,pdf,fr,"Synthetic delivery_note for shipment 46. Carrier, delivery status and operational notes are available for analysis.",2026-01-03T03:44:50+00:00
105,46,46,,proof_of_delivery,2026-01-05T00:44:50+00:00,s3://logistics-book-lab/documents/proof_of_delivery/shipment_id=46/105.txt,txt,en,"Synthetic proof_of_delivery for shipment 46. Carrier, delivery status and operational notes are available for analysis.",2026-01-03T03:44:50+00:00
106,47,47,,delivery_note,2025-04-10T18:29:33+00:00,s3://logistics-book-lab/documents/delivery_note/shipment_id=47/106.pdf,pdf,it,"Synthetic delivery_note for shipment 47. Carrier, delivery status and operational notes are available for analysis.",2025-04-07T17:29:33+00:00
107,47,47,,proof_of_delivery,2025-04-09T04:29:33+00:00,s3://logistics-book-lab/documents/proof_of_delivery/shipment_id=47/107.html,html,en,"Synthetic proof_of_delivery for shipment 47. Carrier, delivery status and operational notes are available for analysis.",2025-04-07T17:29:33+00:00
108,47,47,,invoice,2025-04-11T12:29:33+00:00,s3://logistics-book-lab/documents/invoice/shipment_id=47/108.docx,docx,it,"Synthetic invoice for shipment 47. Carrier, delivery status and operational notes are available for analysis.",2025-04-07T17:29:33+00:00
109,48,48,,delivery_note,2025-02-24T19:45:56+00:00,s3://logistics-book-lab/documents/delivery_note/shipment_id=48/109.pdf,pdf,fr,"Synthetic delivery_note for shipment 48. Carrier, delivery status and operational notes are available for analysis.",2025-02-24T08:45:56+00:00
110,48,48,,proof_of_delivery,2025-02-27T13:45:56+00:00,s3://logistics-book-lab/documents/proof_of_delivery/shipment_id=48/110.docx,docx,en,"Synthetic proof_of_delivery for shipment 48. Carrier, delivery status and operational notes are available for analysis.",2025-02-24T08:45:56+00:00
111,48,48,,invoice,2025-02-28T03:45:56+00:00,s3://logistics-book-lab/documents/invoice/shipment_id=48/111.txt,txt,de,"Synthetic invoice for shipment 48. Carrier, delivery status and operational notes are available for analysis.",2025-02-24T08:45:56+00:00
112,49,49,,delivery_note,2026-01-15T14:28:58+00:00,s3://logistics-book-lab/documents/delivery_note/shipment_id=49/112.txt,txt,de,"Synthetic delivery_note for shipment 49. Carrier, delivery status and operational notes are available for analysis.",2026-01-14T03:28:58+00:00
113,49,49,,proof_of_delivery,2026-01-14T10:28:58+00:00,s3://logistics-book-lab/documents/proof_of_delivery/shipment_id=49/113.pdf,pdf,fr,"Synthetic proof_of_delivery for shipment 49. Carrier, delivery status and operational notes are available for analysis.",2026-01-14T03:28:58+00:00
114,50,50,,delivery_note,2026-03-26T04:11:28+00:00,s3://logistics-book-lab/documents/delivery_note/shipment_id=50/114.html,html,es,"Synthetic delivery_note for shipment 50. Carrier, delivery status and operational notes are available for analysis.",2026-03-25T15:11:28+00:00
115,50,50,,proof_of_delivery,2026-03-25T21:11:28+00:00,s3://logistics-book-lab/documents/proof_of_delivery/shipment_id=50/115.pdf,pdf,de,"Synthetic proof_of_delivery for shipment 50. Carrier, delivery status and operational notes are available for analysis.",2026-03-25T15:11:28+00:00
116,51,51,,delivery_note,2026-04-27T10:58:50+00:00,s3://logistics-book-lab/documents/delivery_note/shipment_id=51/116.pdf,pdf,de,"Synthetic delivery_note for shipment 51. Carrier, delivery status and operational notes are available for analysis.",2026-04-23T17:58:50+00:00
117,51,51,,proof_of_delivery,2026-04-26T05:58:50+00:00,s3://logistics-book-lab/documents/proof_of_delivery/shipment_id=51/117.pdf,pdf,fr,"Synthetic proof_of_delivery for shipment 51. Carrier, delivery status and operational notes are available for analysis.",2026-04-23T17:58:50+00:00
118,51,51,3,incident_email,2026-04-27T00:58:50+00:00,s3://logistics-book-lab/documents/incident_email/shipment_id=51/118.pdf,pdf,es,"Synthetic incident_email for shipment 51. Carrier, delivery status and operational notes are available for analysis.",2026-04-23T17:58:50+00:00
119,52,52,,delivery_note,2026-04-24T12:54:12+00:00,s3://logistics-book-lab/documents/delivery_note/shipment_id=52/119.docx,docx,it,"Synthetic delivery_note for shipment 52. Carrier, delivery status and operational notes are available for analysis.",2026-04-20T18:54:12+00:00
120,53,53,,delivery_note,2025-04-30T04:11:07+00:00,s3://logistics-book-lab/documents/delivery_note/shipment_id=53/120.pdf,pdf,en,"Synthetic delivery_note for shipment 53. Carrier, delivery status and operational notes are available for analysis.",2025-04-29T14:11:07+00:00
121,53,53,,proof_of_delivery,2025-05-01T17:11:07+00:00,s3://logistics-book-lab/documents/proof_of_delivery/shipment_id=53/121.txt,txt,es,"Synthetic proof_of_delivery for shipment 53. Carrier, delivery status and operational notes are available for analysis.",2025-04-29T14:11:07+00:00
122,54,54,,delivery_note,2025-07-02T22:38:12+00:00,s3://logistics-book-lab/documents/delivery_note/shipment_id=54/122.html,html,fr,"Synthetic delivery_note for shipment 54. Carrier, delivery status and operational notes are available for analysis.",2025-06-30T20:38:12+00:00
123,55,55,,delivery_note,2025-02-17T13:13:31+00:00,s3://logistics-book-lab/documents/delivery_note/shipment_id=55/123.html,html,de,"Synthetic delivery_note for shipment 55. Carrier, delivery status and operational notes are available for analysis.",2025-02-14T19:13:31+00:00
124,55,55,,proof_of_delivery,2025-02-17T11:13:31+00:00,s3://logistics-book-lab/documents/proof_of_delivery/shipment_id=55/124.pdf,pdf,en,"Synthetic proof_of_delivery for shipment 55. Carrier, delivery status and operational notes are available for analysis.",2025-02-14T19:13:31+00:00
125,55,55,,invoice,2025-02-18T06:13:31+00:00,s3://logistics-book-lab/documents/invoice/shipment_id=55/125.txt,txt,de,"Synthetic invoice for shipment 55. Carrier, delivery status and operational notes are available for analysis.",2025-02-14T19:13:31+00:00
126,56,56,,delivery_note,2025-01-08T22:42:20+00:00,s3://logistics-book-lab/documents/delivery_note/shipment_id=56/126.html,html,es,"Synthetic delivery_note for shipment 56. Carrier, delivery status and operational notes are available for analysis.",2025-01-06T12:42:20+00:00
127,56,56,,proof_of_delivery,2025-01-07T15:42:20+00:00,s3://logistics-book-lab/documents/proof_of_delivery/shipment_id=56/127.txt,txt,it,"Synthetic proof_of_delivery for shipment 56. Carrier, delivery status and operational notes are available for analysis.",2025-01-06T12:42:20+00:00
128,57,57,,delivery_note,2025-11-16T01:44:06+00:00,s3://logistics-book-lab/documents/delivery_note/shipment_id=57/128.docx,docx,it,"Synthetic delivery_note for shipment 57. Carrier, delivery status and operational notes are available for analysis.",2025-11-12T14:44:06+00:00
129,57,57,,proof_of_delivery,2025-11-14T10:44:06+00:00,s3://logistics-book-lab/documents/proof_of_delivery/shipment_id=57/129.html,html,es,"Synthetic proof_of_delivery for shipment 57. Carrier, delivery status and operational notes are available for analysis.",2025-11-12T14:44:06+00:00
130,57,57,,invoice,2025-11-15T11:44:06+00:00,s3://logistics-book-lab/documents/invoice/shipment_id=57/130.pdf,pdf,en,"Synthetic invoice for shipment 57. Carrier, delivery status and operational notes are available for analysis.",2025-11-12T14:44:06+00:00
131,58,58,,delivery_note,2025-08-28T16:07:27+00:00,s3://logistics-book-lab/documents/delivery_note/shipment_id=58/131.pdf,pdf,fr,"Synthetic delivery_note for shipment 58. Carrier, delivery status and operational notes are available for analysis.",2025-08-27T14:07:27+00:00
132,58,58,,proof_of_delivery,2025-08-30T12:07:27+00:00,s3://logistics-book-lab/documents/proof_of_delivery/shipment_id=58/132.docx,docx,fr,"Synthetic proof_of_delivery for shipment 58. Carrier, delivery status and operational notes are available for analysis.",2025-08-27T14:07:27+00:00
133,59,59,,delivery_note,2025-12-29T06:51:52+00:00,s3://logistics-book-lab/documents/delivery_note/shipment_id=59/133.txt,txt,en,"Synthetic delivery_note for shipment 59. Carrier, delivery status and operational notes are available for analysis.",2025-12-25T21:51:52+00:00
134,59,59,,proof_of_delivery,2025-12-26T04:51:52+00:00,s3://logistics-book-lab/documents/proof_of_delivery/shipment_id=59/134.txt,txt,de,"Synthetic proof_of_delivery for shipment 59. Carrier, delivery status and operational notes are available for analysis.",2025-12-25T21:51:52+00:00
135,60,60,,delivery_note,2026-04-03T15:18:26+00:00,s3://logistics-book-lab/documents/delivery_note/shipment_id=60/135.html,html,es,"Synthetic delivery_note for shipment 60. Carrier, delivery status and operational notes are available for analysis.",2026-03-31T20:18:26+00:00
136,60,60,,proof_of_delivery,2026-04-04T11:18:26+00:00,s3://logistics-book-lab/documents/proof_of_delivery/shipment_id=60/136.docx,docx,es,"Synthetic proof_of_delivery for shipment 60. Carrier, delivery status and operational notes are available for analysis.",2026-03-31T20:18:26+00:00
137,61,61,,delivery_note,2025-11-22T01:52:22+00:00,s3://logistics-book-lab/documents/delivery_note/shipment_id=61/137.pdf,pdf,en,"Synthetic delivery_note for shipment 61. Carrier, delivery status and operational notes are available for analysis.",2025-11-20T01:52:22+00:00
138,61,61,,proof_of_delivery,2025-11-22T19:52:22+00:00,s3://logistics-book-lab/documents/proof_of_delivery/shipment_id=61/138.docx,docx,en,"Synthetic proof_of_delivery for shipment 61. Carrier, delivery status and operational notes are available for analysis.",2025-11-20T01:52:22+00:00
139,62,62,,delivery_note,2025-09-17T23:36:42+00:00,s3://logistics-book-lab/documents/delivery_note/shipment_id=62/139.txt,txt,en,"Synthetic delivery_note for shipment 62. Carrier, delivery status and operational notes are available for analysis.",2025-09-17T22:36:42+00:00
140,62,62,4,incident_email,2025-09-19T06:36:42+00:00,s3://logistics-book-lab/documents/incident_email/shipment_id=62/140.pdf,pdf,fr,"Synthetic incident_email for shipment 62. Carrier, delivery status and operational notes are available for analysis.",2025-09-17T22:36:42+00:00
141,63,63,,delivery_note,2026-04-03T22:14:29+00:00,s3://logistics-book-lab/documents/delivery_note/shipment_id=63/141.html,html,it,"Synthetic delivery_note for shipment 63. Carrier, delivery status and operational notes are available for analysis.",2026-04-03T19:14:29+00:00
142,63,63,,proof_of_delivery,2026-04-06T05:14:29+00:00,s3://logistics-book-lab/documents/proof_of_delivery/shipment_id=63/142.pdf,pdf,it,"Synthetic proof_of_delivery for shipment 63. Carrier, delivery status and operational notes are available for analysis.",2026-04-03T19:14:29+00:00
143,63,63,,invoice,2026-04-05T12:14:29+00:00,s3://logistics-book-lab/documents/invoice/shipment_id=63/143.docx,docx,es,"Synthetic invoice for shipment 63. Carrier, delivery status and operational notes are available for analysis.",2026-04-03T19:14:29+00:00
144,64,64,,delivery_note,2025-08-31T13:10:44+00:00,s3://logistics-book-lab/documents/delivery_note/shipment_id=64/144.txt,txt,it,"Synthetic delivery_note for shipment 64. Carrier, delivery status and operational notes are available for analysis.",2025-08-30T17:10:44+00:00
145,64,64,,proof_of_delivery,2025-09-01T17:10:44+00:00,s3://logistics-book-lab/documents/proof_of_delivery/shipment_id=64/145.pdf,pdf,fr,"Synthetic proof_of_delivery for shipment 64. Carrier, delivery status and operational notes are available for analysis.",2025-08-30T17:10:44+00:00
146,64,64,5,incident_email,2025-09-01T14:10:44+00:00,s3://logistics-book-lab/documents/incident_email/shipment_id=64/146.txt,txt,fr,"Synthetic incident_email for shipment 64. Carrier, delivery status and operational notes are available for analysis.",2025-08-30T17:10:44+00:00
147,65,65,,delivery_note,2025-04-26T12:22:13+00:00,s3://logistics-book-lab/documents/delivery_note/shipment_id=65/147.txt,txt,es,"Synthetic delivery_note for shipment 65. Carrier, delivery status and operational notes are available for analysis.",2025-04-23T22:22:13+00:00
148,65,65,,proof_of_delivery,2025-04-26T15:22:13+00:00,s3://logistics-book-lab/documents/proof_of_delivery/shipment_id=65/148.docx,docx,de,"Synthetic proof_of_delivery for shipment 65. Carrier, delivery status and operational notes are available for analysis.",2025-04-23T22:22:13+00:00
149,66,66,,delivery_note,2026-03-05T19:45:51+00:00,s3://logistics-book-lab/documents/delivery_note/shipment_id=66/149.pdf,pdf,de,"Synthetic delivery_note for shipment 66. Carrier, delivery status and operational notes are available for analysis.",2026-03-02T14:45:51+00:00
150,66,66,,proof_of_delivery,2026-03-05T07:45:51+00:00,s3://logistics-book-lab/documents/proof_of_delivery/shipment_id=66/150.docx,docx,it,"Synthetic proof_of_delivery for shipment 66. Carrier, delivery status and operational notes are available for analysis.",2026-03-02T14:45:51+00:00
151,66,66,,invoice,2026-03-04T13:45:51+00:00,s3://logistics-book-lab/documents/invoice/shipment_id=66/151.html,html,it,"Synthetic invoice for shipment 66. Carrier, delivery status and operational notes are available for analysis.",2026-03-02T14:45:51+00:00
152,67,67,,delivery_note,2025-02-05T13:26:48+00:00,s3://logistics-book-lab/documents/delivery_note/shipment_id=67/152.pdf,pdf,fr,"Synthetic delivery_note for shipment 67. Carrier, delivery status and operational notes are available for analysis.",2025-02-04T16:26:48+00:00
153,67,67,,proof_of_delivery,2025-02-06T15:26:48+00:00,s3://logistics-book-lab/documents/proof_of_delivery/shipment_id=67/153.docx,docx,fr,"Synthetic proof_of_delivery for shipment 67. Carrier, delivery status and operational notes are available for analysis.",2025-02-04T16:26:48+00:00
154,68,68,,delivery_note,2025-12-03T19:50:59+00:00,s3://logistics-book-lab/documents/delivery_note/shipment_id=68/154.docx,docx,it,"Synthetic delivery_note for shipment 68. Carrier, delivery status and operational notes are available for analysis.",2025-12-02T16:50:59+00:00
155,68,68,,proof_of_delivery,2025-12-04T23:50:59+00:00,s3://logistics-book-lab/documents/proof_of_delivery/shipment_id=68/155.pdf,pdf,fr,"Synthetic proof_of_delivery for shipment 68. Carrier, delivery status and operational notes are available for analysis.",2025-12-02T16:50:59+00:00
156,69,69,,delivery_note,2026-02-19T18:42:53+00:00,s3://logistics-book-lab/documents/delivery_note/shipment_id=69/156.pdf,pdf,fr,"Synthetic delivery_note for shipment 69. Carrier, delivery status and operational notes are available for analysis.",2026-02-16T21:42:53+00:00
157,69,69,,proof_of_delivery,2026-02-20T11:42:53+00:00,s3://logistics-book-lab/documents/proof_of_delivery/shipment_id=69/157.pdf,pdf,de,"Synthetic proof_of_delivery for shipment 69. Carrier, delivery status and operational notes are available for analysis.",2026-02-16T21:42:53+00:00
158,69,69,,invoice,2026-02-19T19:42:53+00:00,s3://logistics-book-lab/documents/invoice/shipment_id=69/158.pdf,pdf,fr,"Synthetic invoice for shipment 69. Carrier, delivery status and operational notes are available for analysis.",2026-02-16T21:42:53+00:00
159,70,70,,delivery_note,2025-02-04T05:25:30+00:00,s3://logistics-book-lab/documents/delivery_note/shipment_id=70/159.html,html,fr,"Synthetic delivery_note for shipment 70. Carrier, delivery status and operational notes are available for analysis.",2025-02-02T11:25:30+00:00
160,70,70,,proof_of_delivery,2025-02-03T21:25:30+00:00,s3://logistics-book-lab/documents/proof_of_delivery/shipment_id=70/160.html,html,es,"Synthetic proof_of_delivery for shipment 70. Carrier, delivery status and operational notes are available for analysis.",2025-02-02T11:25:30+00:00
161,70,70,,invoice,2025-02-05T18:25:30+00:00,s3://logistics-book-lab/documents/invoice/shipment_id=70/161.html,html,de,"Synthetic invoice for shipment 70. Carrier, delivery status and operational notes are available for analysis.",2025-02-02T11:25:30+00:00
162,70,70,6,incident_email,2025-02-04T11:25:30+00:00,s3://logistics-book-lab/documents/incident_email/shipment_id=70/162.pdf,pdf,it,"Synthetic incident_email for shipment 70. Carrier, delivery status and operational notes are available for analysis.",2025-02-02T11:25:30+00:00
163,71,71,,delivery_note,2025-04-19T19:12:40+00:00,s3://logistics-book-lab/documents/delivery_note/shipment_id=71/163.html,html,it,"Synthetic delivery_note for shipment 71. Carrier, delivery status and operational notes are available for analysis.",2025-04-18T01:12:40+00:00
164,71,71,,proof_of_delivery,2025-04-21T22:12:40+00:00,s3://logistics-book-lab/documents/proof_of_delivery/shipment_id=71/164.pdf,pdf,fr,"Synthetic proof_of_delivery for shipment 71. Carrier, delivery status and operational notes are available for analysis.",2025-04-18T01:12:40+00:00
165,71,71,,invoice,2025-04-18T21:12:40+00:00,s3://logistics-book-lab/documents/invoice/shipment_id=71/165.docx,docx,it,"Synthetic invoice for shipment 71. Carrier, delivery status and operational notes are available for analysis.",2025-04-18T01:12:40+00:00
166,72,72,,delivery_note,2026-02-14T20:36:51+00:00,s3://logistics-book-lab/documents/delivery_note/shipment_id=72/166.pdf,pdf,fr,"Synthetic delivery_note for shipment 72. Carrier, delivery status and operational notes are available for analysis.",2026-02-11T03:36:51+00:00
167,72,72,,proof_of_delivery,2026-02-11T13:36:51+00:00,s3://logistics-book-lab/documents/proof_of_delivery/shipment_id=72/167.txt,txt,en,"Synthetic proof_of_delivery for shipment 72. Carrier, delivery status and operational notes are available for analysis.",2026-02-11T03:36:51+00:00
168,73,73,,delivery_note,2025-11-15T13:08:59+00:00,s3://logistics-book-lab/documents/delivery_note/shipment_id=73/168.pdf,pdf,fr,"Synthetic delivery_note for shipment 73. Carrier, delivery status and operational notes are available for analysis.",2025-11-12T04:08:59+00:00
169,73,73,,proof_of_delivery,2025-11-12T07:08:59+00:00,s3://logistics-book-lab/documents/proof_of_delivery/shipment_id=73/169.html,html,it,"Synthetic proof_of_delivery for shipment 73. Carrier, delivery status and operational notes are available for analysis.",2025-11-12T04:08:59+00:00
170,74,74,,delivery_note,2025-11-01T22:09:02+00:00,s3://logistics-book-lab/documents/delivery_note/shipment_id=74/170.txt,txt,it,"Synthetic delivery_note for shipment 74. Carrier, delivery status and operational notes are available for analysis.",2025-10-29T01:09:02+00:00
171,74,74,,proof_of_delivery,2025-10-30T19:09:02+00:00,s3://logistics-book-lab/documents/proof_of_delivery/shipment_id=74/171.docx,docx,fr,"Synthetic proof_of_delivery for shipment 74. Carrier, delivery status and operational notes are available for analysis.",2025-10-29T01:09:02+00:00
172,74,74,,invoice,2025-11-01T17:09:02+00:00,s3://logistics-book-lab/documents/invoice/shipment_id=74/172.txt,txt,it,"Synthetic invoice for shipment 74. Carrier, delivery status and operational notes are available for analysis.",2025-10-29T01:09:02+00:00
173,75,75,,delivery_note,2025-11-24T17:41:47+00:00,s3://logistics-book-lab/documents/delivery_note/shipment_id=75/173.pdf,pdf,es,"Synthetic delivery_note for shipment 75. Carrier, delivery status and operational notes are available for analysis.",2025-11-21T17:41:47+00:00
174,75,75,,proof_of_delivery,2025-11-24T09:41:47+00:00,s3://logistics-book-lab/documents/proof_of_delivery/shipment_id=75/174.txt,txt,it,"Synthetic proof_of_delivery for shipment 75. Carrier, delivery status and operational notes are available for analysis.",2025-11-21T17:41:47+00:00
175,75,75,7,incident_email,2025-11-24T18:41:47+00:00,s3://logistics-book-lab/documents/incident_email/shipment_id=75/175.docx,docx,it,"Synthetic incident_email for shipment 75. Carrier, delivery status and operational notes are available for analysis.",2025-11-21T17:41:47+00:00
176,76,76,,delivery_note,2026-03-08T15:20:00+00:00,s3://logistics-book-lab/documents/delivery_note/shipment_id=76/176.txt,txt,es,"Synthetic delivery_note for shipment 76. Carrier, delivery status and operational notes are available for analysis.",2026-03-05T13:20:00+00:00
177,76,76,,invoice,2026-03-09T04:20:00+00:00,s3://logistics-book-lab/documents/invoice/shipment_id=76/177.txt,txt,en,"Synthetic invoice for shipment 76. Carrier, delivery status and operational notes are available for analysis.",2026-03-05T13:20:00+00:00
178,77,77,,delivery_note,2025-05-25T11:53:23+00:00,s3://logistics-book-lab/documents/delivery_note/shipment_id=77/178.html,html,es,"Synthetic delivery_note for shipment 77. Carrier, delivery status and operational notes are available for analysis.",2025-05-23T08:53:23+00:00
179,77,77,,proof_of_delivery,2025-05-25T08:53:23+00:00,s3://logistics-book-lab/documents/proof_of_delivery/shipment_id=77/179.pdf,pdf,en,"Synthetic proof_of_delivery for shipment 77. Carrier, delivery status and operational notes are available for analysis.",2025-05-23T08:53:23+00:00
180,78,78,,delivery_note,2025-12-30T14:55:20+00:00,s3://logistics-book-lab/documents/delivery_note/shipment_id=78/180.docx,docx,en,"Synthetic delivery_note for shipment 78. Carrier, delivery status and operational notes are available for analysis.",2025-12-27T05:55:20+00:00
181,79,79,,delivery_note,2026-04-04T04:39:04+00:00,s3://logistics-book-lab/documents/delivery_note/shipment_id=79/181.pdf,pdf,es,"Synthetic delivery_note for shipment 79. Carrier, delivery status and operational notes are available for analysis.",2026-04-01T02:39:04+00:00
182,80,80,,delivery_note,2025-01-27T15:20:14+00:00,s3://logistics-book-lab/documents/delivery_note/shipment_id=80/182.txt,txt,es,"Synthetic delivery_note for shipment 80. Carrier, delivery status and operational notes are available for analysis.",2025-01-27T14:20:14+00:00
183,80,80,,proof_of_delivery,2025-01-30T01:20:14+00:00,s3://logistics-book-lab/documents/proof_of_delivery/shipment_id=80/183.docx,docx,fr,"Synthetic proof_of_delivery for shipment 80. Carrier, delivery status and operational notes are available for analysis.",2025-01-27T14:20:14+00:00
184,81,81,,delivery_note,2026-02-09T15:04:20+00:00,s3://logistics-book-lab/documents/delivery_note/shipment_id=81/184.txt,txt,fr,"Synthetic delivery_note for shipment 81. Carrier, delivery status and operational notes are available for analysis.",2026-02-06T23:04:20+00:00
185,81,81,,proof_of_delivery,2026-02-08T05:04:20+00:00,s3://logistics-book-lab/documents/proof_of_delivery/shipment_id=81/185.txt,txt,fr,"Synthetic proof_of_delivery for shipment 81. Carrier, delivery status and operational notes are available for analysis.",2026-02-06T23:04:20+00:00
186,82,82,,delivery_note,2025-05-12T17:53:00+00:00,s3://logistics-book-lab/documents/delivery_note/shipment_id=82/186.pdf,pdf,en,"Synthetic delivery_note for shipment 82. Carrier, delivery status and operational notes are available for analysis.",2025-05-11T13:53:00+00:00
187,82,82,,proof_of_delivery,2025-05-15T10:53:00+00:00,s3://logistics-book-lab/documents/proof_of_delivery/shipment_id=82/187.pdf,pdf,en,"Synthetic proof_of_delivery for shipment 82. Carrier, delivery status and operational notes are available for analysis.",2025-05-11T13:53:00+00:00
188,82,82,,invoice,2025-05-14T04:53:00+00:00,s3://logistics-book-lab/documents/invoice/shipment_id=82/188.html,html,es,"Synthetic invoice for shipment 82. Carrier, delivery status and operational notes are available for analysis.",2025-05-11T13:53:00+00:00
189,83,83,,delivery_note,2025-04-18T11:59:48+00:00,s3://logistics-book-lab/documents/delivery_note/shipment_id=83/189.txt,txt,fr,"Synthetic delivery_note for shipment 83. Carrier, delivery status and operational notes are available for analysis.",2025-04-15T19:59:48+00:00
190,83,83,,proof_of_delivery,2025-04-19T13:59:48+00:00,s3://logistics-book-lab/documents/proof_of_delivery/shipment_id=83/190.docx,docx,de,"Synthetic proof_of_delivery for shipment 83. Carrier, delivery status and operational notes are available for analysis.",2025-04-15T19:59:48+00:00
191,84,84,,delivery_note,2025-02-02T22:10:46+00:00,s3://logistics-book-lab/documents/delivery_note/shipment_id=84/191.docx,docx,fr,"Synthetic delivery_note for shipment 84. Carrier, delivery status and operational notes are available for analysis.",2025-01-30T09:10:46+00:00
192,84,84,,proof_of_delivery,2025-02-03T06:10:46+00:00,s3://logistics-book-lab/documents/proof_of_delivery/shipment_id=84/192.docx,docx,fr,"Synthetic proof_of_delivery for shipment 84. Carrier, delivery status and operational notes are available for analysis.",2025-01-30T09:10:46+00:00
193,84,84,,invoice,2025-01-31T05:10:46+00:00,s3://logistics-book-lab/documents/invoice/shipment_id=84/193.pdf,pdf,de,"Synthetic invoice for shipment 84. Carrier, delivery status and operational notes are available for analysis.",2025-01-30T09:10:46+00:00
194,85,85,,delivery_note,2026-03-17T00:59:09+00:00,s3://logistics-book-lab/documents/delivery_note/shipment_id=85/194.pdf,pdf,en,"Synthetic delivery_note for shipment 85. Carrier, delivery status and operational notes are available for analysis.",2026-03-14T08:59:09+00:00
195,86,86,,delivery_note,2025-10-23T04:37:38+00:00,s3://logistics-book-lab/documents/delivery_note/shipment_id=86/195.txt,txt,en,"Synthetic delivery_note for shipment 86. Carrier, delivery status and operational notes are available for analysis.",2025-10-22T17:37:38+00:00
196,86,86,,proof_of_delivery,2025-10-26T11:37:38+00:00,s3://logistics-book-lab/documents/proof_of_delivery/shipment_id=86/196.txt,txt,fr,"Synthetic proof_of_delivery for shipment 86. Carrier, delivery status and operational notes are available for analysis.",2025-10-22T17:37:38+00:00
197,86,86,8,incident_email,2025-10-24T00:37:38+00:00,s3://logistics-book-lab/documents/incident_email/shipment_id=86/197.txt,txt,en,"Synthetic incident_email for shipment 86. Carrier, delivery status and operational notes are available for analysis.",2025-10-22T17:37:38+00:00
198,87,87,,delivery_note,2025-11-07T10:04:19+00:00,s3://logistics-book-lab/documents/delivery_note/shipment_id=87/198.html,html,en,"Synthetic delivery_note for shipment 87. Carrier, delivery status and operational notes are available for analysis.",2025-11-04T16:04:19+00:00
199,87,87,,proof_of_delivery,2025-11-07T09:04:19+00:00,s3://logistics-book-lab/documents/proof_of_delivery/shipment_id=87/199.docx,docx,de,"Synthetic proof_of_delivery for shipment 87. Carrier, delivery status and operational notes are available for analysis.",2025-11-04T16:04:19+00:00
200,88,88,,delivery_note,2026-03-01T06:05:13+00:00,s3://logistics-book-lab/documents/delivery_note/shipment_id=88/200.docx,docx,it,"Synthetic delivery_note for shipment 88. Carrier, delivery status and operational notes are available for analysis.",2026-02-27T20:05:13+00:00
201,88,88,,proof_of_delivery,2026-03-02T10:05:13+00:00,s3://logistics-book-lab/documents/proof_of_delivery/shipment_id=88/201.txt,txt,en,"Synthetic proof_of_delivery for shipment 88. Carrier, delivery status and operational notes are available for analysis.",2026-02-27T20:05:13+00:00
202,89,89,,delivery_note,2026-01-25T13:31:17+00:00,s3://logistics-book-lab/documents/delivery_note/shipment_id=89/202.pdf,pdf,de,"Synthetic delivery_note for shipment 89. Carrier, delivery status and operational notes are available for analysis.",2026-01-22T03:31:17+00:00
203,90,90,,delivery_note,2026-03-09T22:45:54+00:00,s3://logistics-book-lab/documents/delivery_note/shipment_id=90/203.txt,txt,es,"Synthetic delivery_note for shipment 90. Carrier, delivery status and operational notes are available for analysis.",2026-03-07T02:45:54+00:00
204,90,90,,proof_of_delivery,2026-03-10T14:45:54+00:00,s3://logistics-book-lab/documents/proof_of_delivery/shipment_id=90/204.pdf,pdf,it,"Synthetic proof_of_delivery for shipment 90. Carrier, delivery status and operational notes are available for analysis.",2026-03-07T02:45:54+00:00
205,90,90,,invoice,2026-03-10T03:45:54+00:00,s3://logistics-book-lab/documents/invoice/shipment_id=90/205.pdf,pdf,de,"Synthetic invoice for shipment 90. Carrier, delivery status and operational notes are available for analysis.",2026-03-07T02:45:54+00:00
206,90,90,9,incident_email,2026-03-10T20:45:54+00:00,s3://logistics-book-lab/documents/incident_email/shipment_id=90/206.html,html,en,"Synthetic incident_email for shipment 90. Carrier, delivery status and operational notes are available for analysis.",2026-03-07T02:45:54+00:00
207,91,91,,delivery_note,2025-12-20T10:52:59+00:00,s3://logistics-book-lab/documents/delivery_note/shipment_id=91/207.docx,docx,it,"Synthetic delivery_note for shipment 91. Carrier, delivery status and operational notes are available for analysis.",2025-12-18T13:52:59+00:00
208,91,91,,proof_of_delivery,2025-12-20T04:52:59+00:00,s3://logistics-book-lab/documents/proof_of_delivery/shipment_id=91/208.docx,docx,es,"Synthetic proof_of_delivery for shipment 91. Carrier, delivery status and operational notes are available for analysis.",2025-12-18T13:52:59+00:00
209,92,92,,delivery_note,2025-05-05T07:48:40+00:00,s3://logistics-book-lab/documents/delivery_note/shipment_id=92/209.docx,docx,es,"Synthetic delivery_note for shipment 92. Carrier, delivery status and operational notes are available for analysis.",2025-05-03T18:48:40+00:00
210,92,92,,proof_of_delivery,2025-05-07T00:48:40+00:00,s3://logistics-book-lab/documents/proof_of_delivery/shipment_id=92/210.docx,docx,en,"Synthetic proof_of_delivery for shipment 92. Carrier, delivery status and operational notes are available for analysis.",2025-05-03T18:48:40+00:00
211,93,93,,delivery_note,2025-04-26T17:19:33+00:00,s3://logistics-book-lab/documents/delivery_note/shipment_id=93/211.pdf,pdf,es,"Synthetic delivery_note for shipment 93. Carrier, delivery status and operational notes are available for analysis.",2025-04-25T15:19:33+00:00
212,93,93,,proof_of_delivery,2025-04-28T15:19:33+00:00,s3://logistics-book-lab/documents/proof_of_delivery/shipment_id=93/212.pdf,pdf,it,"Synthetic proof_of_delivery for shipment 93. Carrier, delivery status and operational notes are available for analysis.",2025-04-25T15:19:33+00:00
213,94,94,,delivery_note,2025-01-14T04:18:19+00:00,s3://logistics-book-lab/documents/delivery_note/shipment_id=94/213.pdf,pdf,en,"Synthetic delivery_note for shipment 94. Carrier, delivery status and operational notes are available for analysis.",2025-01-12T00:18:19+00:00
214,94,94,,proof_of_delivery,2025-01-15T12:18:19+00:00,s3://logistics-book-lab/documents/proof_of_delivery/shipment_id=94/214.pdf,pdf,it,"Synthetic proof_of_delivery for shipment 94. Carrier, delivery status and operational notes are available for analysis.",2025-01-12T00:18:19+00:00
215,94,94,10,incident_email,2025-01-12T20:18:19+00:00,s3://logistics-book-lab/documents/incident_email/shipment_id=94/215.pdf,pdf,de,"Synthetic incident_email for shipment 94. Carrier, delivery status and operational notes are available for analysis.",2025-01-12T00:18:19+00:00
216,95,95,,delivery_note,2025-10-07T18:54:58+00:00,s3://logistics-book-lab/documents/delivery_note/shipment_id=95/216.docx,docx,en,"Synthetic delivery_note for shipment 95. Carrier, delivery status and operational notes are available for analysis.",2025-10-07T11:54:58+00:00
217,95,95,,proof_of_delivery,2025-10-07T17:54:58+00:00,s3://logistics-book-lab/documents/proof_of_delivery/shipment_id=95/217.html,html,es,"Synthetic proof_of_delivery for shipment 95. Carrier, delivery status and operational notes are available for analysis.",2025-10-07T11:54:58+00:00
218,96,96,,delivery_note,2025-03-30T21:12:51+00:00,s3://logistics-book-lab/documents/delivery_note/shipment_id=96/218.docx,docx,en,"Synthetic delivery_note for shipment 96. Carrier, delivery status and operational notes are available for analysis.",2025-03-27T11:12:51+00:00
219,96,96,,proof_of_delivery,2025-03-28T05:12:51+00:00,s3://logistics-book-lab/documents/proof_of_delivery/shipment_id=96/219.pdf,pdf,it,"Synthetic proof_of_delivery for shipment 96. Carrier, delivery status and operational notes are available for analysis.",2025-03-27T11:12:51+00:00
220,97,97,,delivery_note,2025-06-11T19:06:01+00:00,s3://logistics-book-lab/documents/delivery_note/shipment_id=97/220.txt,txt,de,"Synthetic delivery_note for shipment 97. Carrier, delivery status and operational notes are available for analysis.",2025-06-10T13:06:01+00:00
221,97,97,,proof_of_delivery,2025-06-13T03:06:01+00:00,s3://logistics-book-lab/documents/proof_of_delivery/shipment_id=97/221.docx,docx,en,"Synthetic proof_of_delivery for shipment 97. Carrier, delivery status and operational notes are available for analysis.",2025-06-10T13:06:01+00:00
222,98,98,,delivery_note,2025-12-05T13:18:20+00:00,s3://logistics-book-lab/documents/delivery_note/shipment_id=98/222.html,html,fr,"Synthetic delivery_note for shipment 98. Carrier, delivery status and operational notes are available for analysis.",2025-12-04T05:18:20+00:00
223,98,98,,proof_of_delivery,2025-12-08T00:18:20+00:00,s3://logistics-book-lab/documents/proof_of_delivery/shipment_id=98/223.docx,docx,it,"Synthetic proof_of_delivery for shipment 98. Carrier, delivery status and operational notes are available for analysis.",2025-12-04T05:18:20+00:00
224,98,98,,invoice,2025-12-06T01:18:20+00:00,s3://logistics-book-lab/documents/invoice/shipment_id=98/224.pdf,pdf,en,"Synthetic invoice for shipment 98. Carrier, delivery status and operational notes are available for analysis.",2025-12-04T05:18:20+00:00
225,99,99,,delivery_note,2026-04-26T07:13:37+00:00,s3://logistics-book-lab/documents/delivery_note/shipment_id=99/225.txt,txt,it,"Synthetic delivery_note for shipment 99. Carrier, delivery status and operational notes are available for analysis.",2026-04-23T22:13:37+00:00
226,99,99,,proof_of_delivery,2026-04-23T23:13:37+00:00,s3://logistics-book-lab/documents/proof_of_delivery/shipment_id=99/226.html,html,en,"Synthetic proof_of_delivery for shipment 99. Carrier, delivery status and operational notes are available for analysis.",2026-04-23T22:13:37+00:00
227,99,99,11,incident_email,2026-04-26T23:13:37+00:00,s3://logistics-book-lab/documents/incident_email/shipment_id=99/227.html,html,it,"Synthetic incident_email for shipment 99. Carrier, delivery status and operational notes are available for analysis.",2026-04-23T22:13:37+00:00
228,100,100,,delivery_note,2025-06-07T04:12:25+00:00,s3://logistics-book-lab/documents/delivery_note/shipment_id=100/228.docx,docx,es,"Synthetic delivery_note for shipment 100. Carrier, delivery status and operational notes are available for analysis.",2025-06-05T10:12:25+00:00
229,100,100,12,incident_email,2025-06-07T01:12:25+00:00,s3://logistics-book-lab/documents/incident_email/shipment_id=100/229.docx,docx,fr,"Synthetic incident_email for shipment 100. Carrier, delivery status and operational notes are available for analysis.",2025-06-05T10:12:25+00:00
